\xef\xbb\xbfSpieler;Club;Nat;Nr;Pos;G/C;Größe_cm;Gewicht_kg;Geburtstag;Alter;Geburtsort
Matteo Gennaro;MEM;ITA;61;FO;L;190;90;30.03.1997;29;St. Albert
Matt White;ECK;USA;97;FO;L;175;86;23.08.1989;37;Whittier, CA
Hunter Garlent;ECK;CAN;65;FO;R;175;78;04.02.1995;31;St. Catharines, ON
Brayden Tracey;BDW;CAN;92;FO;L;185;84;28.05.2001;25;Calgary, AB
David Elsner;EVL;GER;61;FO;R;183;96;22.03.1992;34;Landshut
Brendan O'Donnell;ECK;CAN;91;FO;L;187;87;25.06.1992;34;Flin Flon,MB
Dane Fox;DRE;GER;27;FO;L;183;84;13.10.1993;32;Chatham
Mark Rassell;RVT;CAN;92;FO;L;188;90;28.02.1997;29;Calgary
Tomas Andres;DRE;GER;92;FO;R;178;83;12.04.1996;30;Usti nad Labem
Carter Turnbull;DEG;CAN;98;FO;R;175;81;08.09.1998;28;Nanaimo, BC
Norman Hauner;EBR;GER;10;FO;R;180;83;04.12.1991;34;Hückeswagen, GER
David Stieler;EVL;GER;21;FO;L;180;87;20.07.1988;38;Kladno
Tor Immo;EVL;SWE;62;FO;L;187;96;09.11.1994;31;Köping
Alex-Olivier Voyer;BDW;CAN;19;FO;R;188;87;10.04.1999;27;Sherbrooke, QC
Jordy Bellerive;SBR;CAN;17;FO;L;180;89;02.05.1999;27;North Vancouver, BC
Marek Racuk;SCB;CZE;17;FO;L;194;103;02.06.1992;34;Teplice
Jack Dugan;SCB;USA;8;FO;R;188;95;24.03.1998;28;Pittsburgh, PA
Adam Helewka;DRE;CAN;13;FO;L;188;93;21.07.1995;31;Burnaby, BC
Erik Bradford;DEG;CAN;22;FO;L;183;84;19.10.1994;31;Orangeville, ON
Michael Regush;BDW;CAN;91;FO;R;185;91;12.09.1998;28;Surrey, BC
Corey Trivino;EBR;CAN;86;FO;L;185;86;12.01.1990;36;Toronto
Nickolas Latta;RVT;GER;14;FO;R;185;94;05.10.1993;32;Schongau
Darren Mieszkowski;ECK;GER;66;FO;L;189;86;18.09.1999;27;Bietigheim-Bissingen, GER
Alec Ahlroth;DRE;GER;28;FO;L;186;86;25.01.2001;25;Wilhelmshaven, GER
Donát Péter;EBR;GER;77;FO;L;184;87;25.07.2000;26;Budapest
Christopher Wilkie;ECK;USA;84;FO;R;183;85;10.07.1996;30;Omaha, NE
Matt Marcinew;ECN;CAN;21;FO;R;180;86;07.10.1993;32;Calgary
Jan Nijenhuis;DRE;GER;94;FO;R;180;80;04.08.2001;25;München
Félix Brassard;MEM;CAN;8;FO;R;178;87;09.06.1996;30;St-Jean-sur-Richelieu, QC
Jakob Mayenschein;EVL;GER;41;FO;L;181;83;01.04.1997;29;Landshut, GER
Louis Brune;EPC;GER;84;FO;R;184;86;05.05.2000;26;München, GER
Jordan Knackstedt;BDW;GER;9;FO;R;191;91;28.09.1988;38;Saskatoon
Robbie Czarnik;RVT;GER;77;FO;R;183;84;25.01.1990;36;Detroit
Mike Fischer;SCB;GER;91;FO;L;180;91;23.08.1999;27;Heilbronn, GER
Kevin Slezak;EBR;GER;81;FO;L;181;82;31.01.2001;25;Bad Aibling
Jeremy Bracco;EBR;USA;97;FO;R;180;89;17.03.1997;29;
Cole Fonstad;SCB;CAN;24;FO;L;178;80;24.07.2000;26;Estevan, SK
Laurin Braun;ECK;GER;18;FO;L;179;84;18.02.1991;35;Lampertheim
Denis Shevyrin;EPC;GER;75;DE;L;184;93;29.03.1995;31;St. Petersburg
Arne Uplegger;SCB;GER;77;DE;L;188;95;11.02.1998;28;Bad Muskau
Jamal Watson;MEM;CAN;42;DE;R;181;80;14.01.1995;31;Calgary
Cody Haiskanen;EBR;USA;74;DE;R;191;86;27.03.1997;29;Fargo, ND
Julian Kornelli;ECN;GER;10;FO;L;187;91;05.08.1997;29;München, GER
Mai Crnkic;SCB;SLO;42;FO;R;178;83;04.04.2005;21;Jesenice
Lois Spitzner;SCB;GER;13;FO;L;185;87;13.06.1997;29;Chemnitz
Leon Niederberger;DEG;GER;17;FO;L;185;85;31.01.1996;30;Düsseldorf
Steven Raabe;SCB;GER;41;DE;L;177;83;01.06.2001;25;Salzgitter
David Rundqvist;LFX;GER;63;FO;L;181;83;13.01.1993;33;Norrstrand
Corey Mackin;DEG;USA;81;FO;L;178;78;29.03.1995;31;Philadelphia
Brett Kemp;DEG;CAN;9;FO;R;185;82;23.03.2000;26;Yorkton
Collin Adams;EPC;USA;18;FO;L;185;88;24.04.1998;28;Brighton, MI
Noah Garthe;EPC;GER;71;FO;L;185;80;21.11.2005;20;Dinslaken
Keaton Mastrodonato;SBR;CAN;9;FO;R;185;93;24.09.2000;26;Powell River, BC
Bryan Lemos;LFX;USA;19;FO;R;179;86;15.07.1996;30;East Providence, RI
Kevin Orendorz;DEG;GER;78;FO;L;189;101;24.02.1995;31;Iserlohn
Simon Sezemsky;RVT;GER;93;DE;R;184;85;28.06.1993;33;München
Jake Weidner;ECK;GER;11;FO;L;188;92;11.06.1992;34;Grand Valley, ON
Bastian Eckl;SCB;GER;71;FO;L;189;95;27.08.2000;26;Regensburg, GER
Tyler Gron;BDW;GER;77;FO;R;180;91;07.09.1989;37;Spruce Grove
Oliver Granz;DRE;GER;23;DE;L;177;80;18.09.1997;29;Landshut
Ludwig Nirschl;MEM;GER;74;FO;L;179;85;21.06.2000;26;Regensburg
Tristan Keck;ECK;GER;71;FO;L;173;77;19.09.1995;31;Morris, MB
Gregory Kreutzer;DRE;GER;55;DE;L;183;84;24.05.2000;26;Northville, MI
Scott Feser;SBR;GER;71;FO;L;180;80;01.05.1995;31;Red Deer, AB, CAN
Tobias Lindberg;EVL;SWE;9;FO;L;189;92;22.07.1995;31;Stockholm
Adam McCormick;EPC;CAN;7;DE;L;180;86;25.06.2000;26;Woodstock, NB
Lynden McCallum;FRB;CAN;20;FO;R;185;78;26.01.2000;26;Portage la Prairie, MB
Maximilian Faber;DEG;GER;63;DE;R;187;93;18.05.1993;33;Hagen
Johannes Huß;ECK;GER;52;DE;L;185;87;09.08.1998;28;Bad Tölz
Charlie Sarault;ECN;CAN;57;FO;L;180;84;20.02.1992;34;Fournier
Connor Hannon;LFX;GER;81;DE;L;183;84;07.12.1995;30;Offenbach
Tomas Rubes;SBR;GER;73;FO;L;173;70;25.09.1992;34;Praha
Guillaume Naud;EBR;GER;8;DE;R;188;94;02.12.1992;33;Augsburg, GER
Andreas Döpfner;FRB;GER;12;FO;L;172;70;14.01.1999;27;Bülach
Jarno Kärki;EPC;FIN;67;FO;L;194;98;13.10.1994;31;Pori
Erik Ullman;SBR;SWE;44;DE;R;183;88;17.06.1997;29;Österhaninge
Nikolas Linsenmaier;FRB;GER;9;FO;L;175;85;19.08.1993;33;Freiburg
Charlie Jahnke;BDW;GER;15;FO;L;178;90;14.02.1998;28;Berlin
Thomas Reichel;RVT;GER;27;FO;L;191;91;21.04.1999;27;Nürnberg, GER
Sebastian Streu;EPC;GER;89;FO;L;184;78;22.11.1999;26;Neuwied, GER
Ville Järveläinen;DEG;GER;20;FO;R;165;72;24.02.1993;33;Hämeenlinna
David Cerny;SCB;GER;10;FO;L;188;91;10.05.2000;26;Usti nad Labem
Ryan McKiernan;SBR;GER;58;DE;R;182;90;27.07.1989;37;White Plains, NY
Jacob Schmidt-Svejstrup;LFX;GER;39;FO;R;188;91;14.01.1998;28;Charlottenlund
Dominik Tiffels;ECN;GER;14;DE;R;178;76;20.02.1994;32;Köln
Benjamin Zientek;SCB;GER;14;FO;L;183;90;20.04.1994;32;Augsburg, GER
Niklas Postel;BDW;GER;24;FO;L;181;85;19.03.1998;28;Schongau
Fabian Dietz;SBR;GER;87;FO;L;181;85;29.11.1998;27;Weilheim, GER
Stanislav Dietz;EPC;GER;63;DE;L;192;89;10.09.1990;36;Pisek
Markus Lillich;MEM;GER;28;FO;L;177;85;26.07.1999;27;Memmingen, GER
Samir Kharboutli;SBR;GER;18;FO;L;180;83;18.06.1999;27;Chomutov
Tylor Spink;DRE;GER;90;FO;R;178;84;31.12.1992;33;Williamstown, ON
Taylor Vause;EBR;GER;91;FO;R;177;83;28.09.1991;35;Calgary, AB
Trevor Gooch;EVL;USA;72;FO;L;185;84;13.09.1994;32;Mantua, NJ
Matthias Pischoff;DEG;GER;11;FO;R;180;86;02.08.2004;22;Solingen
Ladislav Zikmund;EVL;GER;17;FO;L;185;80;29.04.1995;31;Sokolov
Matthias Pape;SCB;GER;23;DE;R;183;86;06.05.2006;20;Krefeld
Matthew Struthers;RVT;CAN;12;FO;L;188;97;26.12.1999;26;London, ON
Logan Will;EPC;USA;17;FO;L;180;84;14.06.2000;26;Ames, IA
Andreas Schwarz;EVL;GER;25;DE;L;183;76;06.05.1995;31;Landshut
Clarke Breitkreuz;LFX;GER;71;FO;R;184;81;28.11.1991;34;Springside
Wade Bergman;EVL;GER;48;DE;L;175;80;09.09.1990;36;Calgary, AB
David Suvanto;DRE;GER;33;DE;L;186;85;18.08.1994;32;Hedemora
Alexander Dosch;LFX;GER;34;FO;L;188;90;03.04.2001;25;Starnberg
Kristian Blumenschein;DEG;GER;8;DE;L;178;78;06.02.1997;29;Kelowna, BC
Fabian Herrmann;DEG;GER;24;FO;L;174;78;12.02.2002;24;Regensburg
Allan McPherson;ECN;CAN;9;FO;L;179;82;08.04.1991;35;Kinburn, ON
Kilian Kühnhauser;FRB;GER;95;DE;L;183;83;09.02.2005;21;Rosenheim
Lewis Zerter-Gossage;SBR;GER;37;FO;R;188;86;23.05.1995;31;Montreal
Odeen Peter Tufto;RVT;USA;26;FO;R;177;80;09.01.1997;29;Minnesota
Shane Hanna;SBR;CAN;60;DE;L;180;88;02.05.1994;32;New Westminster
Aleandro Angaran;EBR;GER;21;FO;L;185;90;07.03.2004;22;Candido
Finn Fuchs;EPC;GER;29;DE;L;187;84;26.11.2001;24;Unterseen
Levi Holzhausen;DEG;GER;3;FO;L;189;90;16.10.2006;19;Grevenbroich
Brett Humberstone;LFX;GER;4;DE;L;183;89;17.03.2000;26;Kingston, ON
Alex Brännstam;LFX;GER;11;DE;L;184;83;03.06.2001;25;Stockholm
Matt Fonteyne;RVT;CAN;17;FO;L;178;76;30.11.1997;28;Wetaskiwin, AB
Lukas Laub;SBR;GER;8;FO;L;180;80;29.05.1994;32;Rosenheim, GER
Noel Saffran;LFX;GER;8;FO;L;187;91;30.04.2004;22;Duisburg
Nick Mähler;EBR;GER;29;DE;L;187;82;30.04.2006;20;Plzen
Joel Keussen;ECN;GER;2;DE;R;191;98;02.08.1991;35;Duisburg
Christoph Kiefersauer;FRB;GER;21;FO;L;184;81;09.01.1998;28;Bad Tölz, GER
Leon Fern;MEM;GER;13;DE;L;191;91;10.03.1997;29;Velbert
Justin Volek;ECN;GER;55;FO;L;181;80;08.02.2002;24;Oberzell
Lukas Mühlbauer;FRB;GER;89;FO;L;186;91;30.06.1999;27;Landshut, GER
Bruno Riedl;DRE;GER;75;DE;L;194;95;14.10.2002;23;Halle an der Saale
Leon van der Linde;MEM;GER;66;DE;L;182;81;13.03.2003;23;Lindau
Michael Bartuli;ECK;GER;27;FO;L;175;83;19.08.2002;24;Hamburg
John Broda;LFX;GER;24;FO;L;186;89;18.07.2001;25;Weißwasser
Tyson Spink;DRE;CAN;96;FO;L;178;84;31.12.1992;33;Williamstown, ON
Luigi Calce;SBR;GER;93;FO;L;183;85;30.12.2003;22;Dresden, GER
Tim Lutz;EPC;GER;22;FO;L;185;85;27.09.2000;26;Richterswil, SUI
Jimmy Martinovic;ECK;GER;23;DE;L;183;93;24.02.2002;24;Füssen
Yannic Bauer;EBR;GER;26;FO;L;180;82;26.04.2002;24;Eitensheim, GER
Paul Bechtold;FRB;GER;23;FO;R;179;73;27.12.2005;20;Freiburg
Tobias Schwarz;EVL;GER;95;FO;L;181;83;05.04.2006;20;Landshut
Nick Maul;MEM;GER;14;FO;R;180;90;09.04.2006;20;Deggendorf
Noah Münzenberger;DEG;GER;15;DE;L;193;92;02.09.2005;21;Solingen
Marks Jirgensons;EBR;GER;33;FO;L;180;80;20.06.2006;20;Riga
Eden-Angelus Hofverberg;BDW;GER;21;FO;R;177;81;07.02.2006;20;Glauchau
Adam Brady;LFX;CAN;9;FO;L;185;89;06.08.1995;31;Delhi, ON
Marc-Olivier Roy;EVL;CAN;11;FO;L;185;85;05.11.1994;31;Boisbriand
Jordan Hickmott;ECN;CAN;61;FO;R;188;91;11.04.1990;36;Mission
Maximilian Leitner;FRB;GER;24;DE;L;181;75;03.11.2000;25;Heilbronn, GER
Lukas Jung;ECK;GER;41;DE;R;186;85;11.09.2004;22;Hamburg
Nolan Ritchie;SCB;CAN;86;FO;L;178;86;27.05.2002;24;Brandon, MB
Kevin Wall;MEM;USA;92;FO;R;183;85;01.02.2000;26;Rochester, NY
Sali Schollmeyer;ECN;GER;89;DE;L;187;83;25.01.2006;20;Hamburg
Georgiy Saakyan;LFX;GER;10;FO;R;175;85;19.10.2000;25;Moskva
Oskar Autio;EBR;FIN;31;GK;L;184;82;06.10.1999;26;Espoo
Mario Scalzo;BDW;GER;5;DE;L;178;84;11.11.1984;41;Saint-Hubert
Pascal Zerressen;EBR;GER;16;DE;L;196;97;22.11.1992;33;Tönisvorst
Mirko Sacher;EPC;GER;21;DE;R;181;83;01.11.1990;35;Freiburg
Tim Bender;SCB;GER;88;DE;L;180;83;19.03.1995;31;Mannheim
Colton Jobke;EVL;GER;74;DE;L;185;88;20.04.1992;34;Vancouver, BC
Dylan Wruck;EPC;GER;88;FO;L;175;72;23.09.1992;34;Saskatoon, SK
Simon Schütz;RVT;GER;97;DE;L;179;87;09.11.1997;28;Regensburg
Maximilian Adam;SBR;GER;48;DE;L;178;81;22.02.1998;28;Görlitz, GER
Dominik Bohac;BDW;GER;27;DE;L;185;95;18.02.1990;36;Klatovy
Cedric Schiemenz;ECN;GER;48;FO;L;181;74;01.03.1999;27;Berlin
Andrew Bodnarchuk;DEG;GER;4;DE;L;180;88;11.07.1988;38;Drumheller, AB
Simon Gnyp;FRB;GER;11;DE;L;180;81;10.09.2001;25;Burghausen, GER
Tomas Sykora;DRE;GER;74;FO;L;190;98;04.07.1990;36;Bratislava
Philipp Mass;RVT;GER;25;DE;L;183;88;30.09.2000;26;Heidelberg, GER
Garret Pruden;ECN;GER;15;DE;R;184;86;17.12.1998;27;Bad Nauheim, GER
Alexander De Los Rios;FRB;GER;86;DE;L;172;79;11.08.1992;34;Breisach
Calvin Pokorny;BDW;GER;79;DE;R;184;88;14.03.1998;28;Haßfurt, GER
Dominik Kolb;SBR;GER;28;DE;L;188;85;30.09.1996;30;Bad Tölz
Michael Bitzer;MEM;GER;79;GK;L;181;90;23.10.1993;32;Moorhead, MN
Simon Thiel;MEM;GER;7;FO;L;182;83;04.04.2001;25;Mannheim, GER
Lane Scheidl;LFX;CAN;23;FO;L;183;88;14.01.1992;34;Saskatoon/ SK
Edgars Homjakovs;MEM;GER;71;FO;L;178;79;25.08.1995;31;Ventspils, LAT
Justin Büsing;SCB;GER;7;FO;L;176;82;01.07.2003;23;Bremerhaven
Max Balinson;DEG;GER;58;DE;L;185;88;05.10.1996;29;Hamilton, ON
Parker Bowles;FRB;CAN;93;FO;L;185;86;25.01.1995;31;Kelowna
Andrew LeBlanc;DRE;GER;9;FO;L;183;88;29.06.1989;37;Duluth
Dylan Plouffe;FRB;GER;27;DE;L;183;91;27.04.1999;27;Sherwood Park
Leon Bußmann;ECN;GER;87;FO;L;184;84;24.03.2006;20;Starnberg
Felix Krüger;DRE;GER;56;DE;L;179;80;21.08.2007;19;Dresden
Ryan MacKinnon;DRE;CAN;4;DE;R;183;91;05.09.1994;32;Summerside, PE
Pepino Langmeier;EBR;GER;9;FO;L;192;88;02.12.2007;18;Karlovy Vary
Luca Ganz;ECN;GER;33;GK;L;185;79;21.04.2003;23;Kaufbeuren
Janick Schwendener;DRE;GER;62;GK;L;185;92;30.06.1992;34;Chur
Tyler Ward;EBR;CAN;89;FO;L;180;84;19.08.1999;27;Kamloops, BC
Samuel Schindler;LFX;GER;7;DE;R;182;88;28.12.2004;21;Pilzen
Dean Döge;SCB;GER;31;GK;L;185;77;27.11.2005;20;Buxtehude
Henning Kunze;LFX;GER;35;GK;;181;73;10.01.2008;18;Frankfurt / Oder
Nikita Knaus;LFX;GER;86;FO;L;177;74;17.09.2007;19;Wolfsburg
Milan Klein;FRB;GER;72;FO;L;192;92;22.05.2006;20;Freiburg
Ivan Komirist;DRE;GER;26;DE;L;186;84;16.06.2008;18;Esslingen
Dimitrij Haberling;EBR;GER;14;FO;R;181;84;14.07.2006;20;Berlin
Ramon-Wilson Hupf;ECN;GER;71;GK;L;176;70;27.09.2008;18;
Jacob Ficenec;DRE;GER;38;DE;R;180;81;20.02.2006;20;Ingolstadt
Arthur Milic;EBR;GER;30;GK;L;183;73;07.08.2008;18;Stuttgart
Rihards Griva;LFX;GER;27;FO;R;182;79;08.06.2007;19;Riga
Christian Schneider;FRB;GER;71;GK;L;187;89;02.05.1999;27;Altötting
Daniel Fießinger;SBR;GER;30;GK;L;194;93;20.11.1996;29;Marktoberdorf, GER
Moritz Wirth;FRB;GER;55;DE;L;188;93;10.06.1999;27;Frankfurt / Main
Filip Reisnecker;BDW;GER;10;FO;L;189;87;12.12.2001;24;Praha, CZE
Louis Anders;LFX;GER;14;FO;L;180;82;19.04.2001;25;Lindau
Samuel Payeur;EBR;GER;17;FO;;178;78;27.12.1997;28;
Linus Svedlund;MEM;GER;72;DE;L;175;83;12.09.1993;33;Arboga
Julius Schulte;ECN;GER;30;GK;L;184;77;24.10.2004;21;München
Marlon Braun;LFX;GER;6;DE;L;188;90;09.02.2004;22;Weißwasser
Philipp Faulhaber;BDW;GER;16;DE;L;185;85;16.05.2004;22;
Connor Korte;DRE;GER;53;FO;L;180;83;31.01.2003;23;Oberndorf
Jakob Peukert;MEM;GER;23;DE;R;168;72;27.11.2005;20;Kaufbeuren
Georg Thal;BDW;GER;8;FO;L;182;78;01.10.2005;21;Ebersberg
Dominik Groß;SBR;GER;59;DE;R;189;93;20.03.2005;21;Straubing
Sten Fischer;DEG;GER;74;DE;R;191;94;25.01.2003;23;Berlin
Clemens Sager;LFX;GER;92;FO;L;184;92;10.02.2006;20;Augsburg
Ben Stadler;ECK;GER;28;DE;L;180;77;13.05.2006;20;Straubing
Mateu Späth;DEG;GER;67;FO;L;178;81;20.02.2007;19;Ostfildern
Colin Schlenker;FRB;GER;8;DE;L;191;87;08.04.2006;20;Villingen-Schwenningen
Christian Goss;FRB;GER;76;GK;L;182;82;14.12.2007;18;
Max Ziergiebel;SCB;GER;20;FO;L;178;83;03.05.2007;19;Gummersbach
Louis Müller;SBR;GER;81;GK;R;176;95;26.04.2007;19;Rosenheim
Gregor Stocker;LFX;GER;12;DE;R;185;75;31.05.2007;19;München
Luca Franzese;SCB;GER;52;FO;L;188;75;20.07.2006;20;
Tom Knobloch;DRE;GER;67;FO;L;186;85;07.02.1999;27;Hennigsdorf
Keanu Salmik;SCB;GER;74;GK;L;178;79;28.07.2005;21;Freiburg, GER
Raphael Jakovlev;ECN;GER;17;FO;L;188;88;21.12.2005;20;Landau, GER
Anthony Morrone;LFX;CAN;31;GK;L;187;85;26.02.1999;27;Lorraine
Marvin Berbner;DRE;GER;31;GK;L;182;80;11.03.2006;20;Mannheim
Moritz Kretzschmar;LFX;GER;18;DE;L;186;90;19.07.2006;20;Berlin
Lars Bosecker;SBR;GER;26;DE;L;182;74;18.09.2005;21;Prien am Chiemsee
Denis Root;ECN;GER;88;FO;L;180;83;03.09.2007;19;Ludwigsburg
Tim Schüle;SCB;GER;40;DE;L;183;94;09.09.1990;36;Bietigheim-Bissingen
Christian Billich;FRB;GER;81;FO;L;174;70;16.04.1987;39;Freiburg
Marco Müller;ECK;GER;22;DE;R;180;89;22.11.1990;35;Heilbronn
Alexander Preibisch;SCB;GER;29;FO;R;174;80;30.04.1991;35;Köln, GER
Jonas Langmann;DEG;GER;34;GK;L;193;85;22.12.1991;34;Bad Kissingen
Kevin Reich;EPC;GER;41;GK;L;186;94;26.10.1995;30;Iserlohn
Kevin Maginot;ECN;GER;6;DE;L;190;92;25.07.1994;32;Mannheim
Gerald Kuhn;ECN;GER;35;GK;L;180;87;20.03.1986;40;Southgate
Ilya Sharipov;RVT;GER;43;GK;L;181;86;13.02.1995;31;Kazan
Vladislav Filin;BDW;GER;47;DE;L;184;80;20.03.1995;31;Barrikada
Dominik Meisinger;MEM;GER;22;DE;L;181;86;11.03.1993;33;Füssen
Lucas Dumont;ECK;GER;31;DE;R;186;82;08.06.1997;29;Leonberg
Jason Bast;DEG;GER;45;FO;L;175;84;02.06.1989;37;Regina
Emil Quaas;EPC;GER;20;DE;L;188;88;20.12.1996;29;Berlin
Pierre Preto;ECN;GER;36;FO;L;186;186;13.04.1999;27;Speyer
Christopher Kolarz;SBR;GER;67;GK;L;190;78;13.04.2001;25;Bad Aibling
Maximilian Kolb;MEM;GER;97;DE;L;188;88;11.11.1997;28;Füssen
Niklas Lunemann;DEG;GER;27;GK;L;190;85;27.04.2002;24;Kassel
Alexander Dersch;EVL;GER;27;DE;R;194;88;30.03.2000;26;Landshut, GER
Fabian Hegmann;DRE;GER;40;GK;;190;82;02.01.2001;25;Duisburg
Denis Pfaffengut;RVT;GER;76;DE;L;188;99;03.11.1997;28;Kaufbeuren
Marius Erk;ECN;GER;23;DE;L;181;83;23.08.1996;30;Bad Soden
Fabian Voit;EVL;GER;51;FO;L;191;93;18.08.1996;30;Augsburg
Tim Heyter;LFX;GER;42;DE;L;183;88;26.11.1998;27;Bad Muskau
Marvin Schmid;MEM;GER;21;FO;L;182;56;09.01.1999;27;Memmingen
Olafr Schmidt;FRB;GER;35;GK;L;191;88;07.09.1995;31;Lakeview, CAN
Louis Latta;RVT;GER;74;FO;L;187;88;07.08.1998;28;Schongau
Philipp Maurer;ECK;GER;33;GK;R;185;80;02.12.2000;25;Landshut, GER
Lukas Ribarik;BDW;GER;23;FO;L;185;91;05.05.2001;25;Nürnberg
Tim Sezemsky;FRB;GER;19;FO;R;191;80;13.03.2002;24;Füssen
Matej Mrazek;RVT;GER;21;FO;L;181;83;14.05.2000;26;Neratovice
Leonhard Korus;ECK;GER;4;DE;L;192;93;16.02.2002;24;Köln, GER
Tobias Meier;MEM;GER;93;FO;L;171;80;03.11.1999;26;Peißenberg, GER
Markus Freis;LFX;GER;95;DE;R;180;84;07.06.2003;23;Krefeld, GER
Paul Mayer;EVL;GER;5;DE;L;189;84;25.09.2005;21;Kaufbeuren, GER
Leon Willerscheid;ECK;GER;73;GK;L;190;85;10.04.2005;21;Brühl
Ricardo Hendreschke;DRE;GER;32;FO;L;180;83;22.01.2003;23;Dresden
Pascal Seidel;EPC;GER;30;GK;L;191;83;21.01.2003;23;Neuss
Patrick Demetz;EBR;GER;92;DE;L;185;84;08.10.2000;25;Bressanone, ITA
Nikita Krymskiy;MEM;GER;27;FO;L;183;83;23.05.2004;22;St. Petersburg, RUS
Maximilian Söll;SCB;GER;76;DE;R;184;86;07.11.2001;24;Schongau, GER
Philipp Dietl;EVL;GER;29;GK;L;178;74;02.07.2004;22;Bogen, GER
Yuma Grimm;BDW;GER;22;FO;L;188;91;30.04.2003;23;Rosenheim, GER
Finn Becker;EBR;GER;45;GK;L;192;84;23.09.2003;23;Iserlohn
Sebastian Cimmerman;ECN;GER;16;FO;L;177;75;14.02.2003;23;Wickede
Anselm Gerg;RVT;GER;15;FO;L;191;90;23.08.2004;22;
Konrad Fiedler;RVT;GER;34;GK;R;182;77;05.11.2002;23;Dresden
Johannes Schmid;EPC;GER;27;FO;L;181;77;11.06.2004;22;
Till Michel;ECK;GER;21;FO;L;185;81;01.01.2004;22;Lich, GER
Patrik Mühlberger;BDW;GER;65;GK;R;187;80;08.10.2004;21;
Luis Marusch;BDW;GER;11;DE;R;190;80;13.08.2004;22;Regenstauf
Niclas Hempel;RVT;GER;96;DE;L;182;85;20.08.2007;19;Freiburg
Tariq Hammond;DEG;GER;25;DE;L;188;94;05.12.1993;32;Regina, SK
Sebastian Zwickl;EBR;GER;18;FO;L;188;82;27.03.2007;19;Rosenheim
Joshua Rust;MEM;GER;94;FO;L;183;83;30.07.2003;23;Bietigheim-Bissingen
Conner McLeod;BDW;GER;74;GK;L;189;86;13.01.2005;21;Owen Sound
Felix Noack;SCB;GER;60;GK;L;197;88;09.11.2004;21;
Justus Roth;MEM;GER;1;GK;L;186;83;10.11.2004;21;Karlsruhe
Maximilian Merkl;RVT;GER;18;DE;L;181;81;27.06.2006;20;Nürnberg
Sean Giles;SBR;GER;4;DE;L;187;85;14.05.1996;30;Colorado Springs
Tommy Muck;BDW;USA;3;DE;L;180;85;05.01.1996;30;Inver Grove Heights,
Finn Serikow;EVL;GER;8;DE;R;184;89;16.11.2006;19;Deutschland
Fabio Sarto;RVT;GER;9;FO;R;180;80;30.06.2004;22;Frankfurt am Main
Seonwoo Park;EVL;GER;96;FO;L;187;87;01.10.2004;22;Korea
Jordan Taupert;SBR;GER;63;FO;R;173;70;24.04.1998;28;Medicine Hat
Ryan Odude;RVT;GER;79;DE;R;191;90;15.10.2005;20;Gillingham
Marian Bauer;EBR;GER;11;DE;R;187;84;14.01.2005;21;Kösching
Maximilian Brunner;BDW;GER;20;FO;L;176;73;12.01.2006;20;Bogen
Michael Musin;SBR;GER;10;FO;L;185;74;10.12.2006;19;Rosenheim
Johannes Achatz;SBR;GER;19;FO;R;183;83;24.07.2006;20;Traunstein
Lukas Gaus;EVL;GER;23;FO;R;181;82;19.06.2005;21;Villingen-Schwenningen
Nikolas Biggins;EPC;GER;9;FO;L;180;83;02.06.2006;20;Heidelberg
Martin Has;EVL;GER;77;DE;R;194;94;02.02.2001;25;Praha
Lennart Neiße;LFX;GER;73;GK;L;198;91;14.09.2006;20;Schrobenhausen
Nikita Kessler;RVT;GER;33;FO;R;182;84;13.01.2007;19;Weingarten
Christopher Theodore;LFX;GER;26;FO;L;173;81;15.10.1997;28;Beaconsfield, QC
Manuel Schams;ECK;GER;6;DE;L;189;91;26.01.2006;20;Leipzig
Fynn Ludwig;FRB;GER;68;FO;L;183;83;15.12.2009;16;Stuttgart
Leon Neiger;EPC;GER;86;FO;L;181;82;23.01.2005;21;
Dominik Klein;SCB;GER;15;DE;L;182;81;27.06.2006;20;Köln
Lukas Buschbeck;DRE;GER;29;FO;R;174;73;19.03.2008;18;Dresden
Max Hense;DEG;GER;7;DE;L;191;94;01.03.2006;20;Düsseldorf
Paul Lemke;ECN;GER;19;DE;R;177;73;25.07.2005;21;Bad Nauheim
Lukas Steinhauser;FRB;GER;15;FO;L;175;74;19.04.2008;18;Ingolstadt
Cole Gallant;FRB;CAN;98;FO;R;178;86;14.03.1998;28;Surrey
Leon Schulz;EPC;GER;32;DE;R;184;80;10.03.2004;22;Werdau
Stepan Lukes;EVL;GER;56;GK;R;183;91;25.02.1996;30;Chomutov
Artyom Khaidarov;FRB;GER;17;FO;L;180;76;06.10.2005;20;Freiburg
Mathias Binder;EBR;GER;54;DE;R;188;87;08.05.2004;22;Ingolstadt
Daniil Afonin;ECK;GER;24;FO;L;179;73;19.06.2006;20;Ust-Kamenogorsk
Sebastian Laßmann;ECK;GER;92;FO;R;175;73;24.04.2005;21;Pegnitz
Ella Gappel;FRB;GER;;GK;L;168;60;14.02.2008;18;Villingen-Schwenningen
Niklas Hübner;RVT;GER;72;DE;L;190;87;01.04.2004;22;Ingolstadt
Elias Pul;RVT;GER;8;FO;L;186;76;15.05.2006;20;Weingarten
Jonah Machacek;BDW;GER;49;GK;L;181;78;07.05.2007;19;Bayreuth
Leon Hümer;DEG;GER;;GK;L;179;85;18.03.2005;21;Büdingen
Nicolas Schindler;RVT;GER;44;FO;L;181;85;28.12.2004;21;Plzen
Maik Hess;FRB;GER;77;FO;L;187;85;13.04.2006;20;Offenbach am Main
Luca Gläser;BDW;GER;7;FO;L;186;84;13.08.1998;28;Schlema
Lenny Boos;EPC;GER;37;FO;R;181;75;21.11.2006;19;Köln
Florian Reinwald;EPC;GER;83;FO;L;186;85;11.07.2007;19;Ingolstadt
Maksim Hanzek;SCB;GER;9;DE;L;190;77;20.12.2009;16;Ludwigsburg
Nicolas Geitner;DEG;GER;5;DE;L;179;79;11.12.1998;27;Düsseldorf
Max Bleicher;EBR;GER;4;DE;L;180;86;14.02.2007;19;Füssen
Moritz Kukuk;EBR;GER;28;DE;R;188;77;27.04.2005;21;Herdecke
Shawn O'Donnell;DEG;GER;71;FO;R;188;87;28.05.1988;38;Cole Harbour
Yushiroh Hirano;DEG;JPN;;FO;R;188;98;18.08.1995;31;Tomakomai
Maximilian Vollmeier;DEG;GER;30;GK;L;194;81;03.03.2010;16;
Valentin Ankirchner;MEM;GER;45;GK;L;184;82;11.08.2005;21;Rosenheim
Constantin Ontl;EBR;GER;19;FO;L;173;74;09.08.1998;28;Bad Tölz
Maxime Bickel;MEM;GER;25;FO;L;178;76;29.08.2006;20;Weinheim
Baran Bruno Cicek;RVT;GER;40;GK;L;181;77;24.05.2006;20;Frankfurt / Main
Florin Ketterer;RVT;GER;16;DE;L;188;90;17.06.1993;33;Starnberg
Lennard Nieleck;SCB;GER;72;FO;R;194;96;10.03.2004;22;Witten
Lars Hamori;EPC;GER;16;FO;R;184;75;01.03.2007;19;
Steve Majher;EPC;GER;39;GK;L;192;93;27.06.2005;21;Lörrach
Ole Olleff;EPC;GER;15;DE;L;191;108;11.05.1996;30;Berlin
Felix Thomas;EPC;GER;4;DE;L;180;86;22.02.1988;38;Berlin
Dominic Walsh;EPC;GER;8;FO;R;183;88;18.07.1989;37;Guildford
Sebastian Gorcik;DRE;GER;47;FO;L;182;88;05.09.1995;31;Rymarov
Jonathon Blum;EVL;GER;24;DE;R;185;87;30.01.1989;37;Long Beach, CA
Milan Steiger;EVL;GER;37;GK;L;185;80;01.05.2008;18;Landshut
Simon Karlsson;DRE;GER;24;DE;R;190;92;23.07.1993;33;Karlskrona
Tobias Fischer;EVL;GER;19;DE;R;176;74;10.10.2008;17;
Lenny Elwing;LFX;GER;25;DE;L;184;88;22.11.2006;19;Kassel
Jesse Kauhanen;ECN;GER;4;DE;L;182;87;09.03.2004;22;Hannover
Marc El-Sayed;ECN;GER;91;FO;L;184;98;18.01.1991;35;Wetzlar
Tobias Krestan;LFX;GER;91;FO;R;188;88;04.01.2008;18;Hanau
Niclas Wolter;LFX;GER;;GK;L;189;75;02.02.2008;18;Bremen
Alexander Pankraz;ECK;GER;30;GK;R;185;80;27.03.2007;19;Kassel
Maciej Rutkowski;ECK;GER;12;FO;L;175;82;05.10.2002;23;Sosnowiec
Yannik Valenti;ECK;GER;26;FO;R;179;83;24.09.2000;26;Bad Tölz, GER
Cedric Nachtmann;SCB;GER;75;GK;;183;89;29.03.2008;18;
Karl Gärtner;DRE;GER;66;FO;L;187;87;06.03.2006;20;Berlin
Oliver Stümpel;EVL;GER;93;FO;L;183;79;20.10.2003;22;Torrance, CA
Mick Hochreither;SCB;GER;55;DE;L;190;90;07.02.2002;24;Berlin, GER
Reed Stark;BDW;GER;;FO;L;191;86;19.04.2000;26;Suffern, NY
Tyler Benson;ECK;CAN;;FO;L;183;86;15.03.1998;28;Edmonton, AB
Fabian Ilestedt;FRB;SWE;;FO;L;190;97;12.07.1995;31;Karlskrona
